3.03449,1.46568,3.07953
3.01748,1.46525,3.06386
3.03084,1.46574,3.07629
3.03217,1.4653,3.07772
3.01888,1.46481,3.06536
3.03013,1.46564,3.07562
3.02184,1.46484,3.06807
3.02343,1.46531,3.06932
3.02918,1.46554,3.07454
3.03129,1.46556,3.07696
3.03166,1.46485,3.07717
3.0214,1.46412,3.06803
3.03435,1.46434,3.08029
3.03957,1.46519,3.08554
2.98437,1.466,3.0335
2.95241,1.46514,3.00202
2.96777,1.46449,3.01569
2.96429,1.4647,3.01292
2.96278,1.46549,3.01175
2.96896,1.46451,3.01774
2.95789,1.46559,3.00709
2.95149,1.46719,2.9998
2.94445,1.46815,2.99259
2.96054,1.47041,3.00668
2.96259,1.47188,3.0081
2.9428,1.47174,2.99048
2.95365,1.47202,3.00106
2.95163,1.4737,2.99786
2.89298,1.47566,2.94009
2.86325,1.47496,2.91084
2.8794,1.4769,2.92544
2.94463,1.47962,2.98587
2.9829,1.48161,3.02316
2.98969,1.48843,3.02993
2.98884,1.49299,3.03069
2.99108,1.49606,3.03529
2.93212,1.50051,2.97997
2.90797,1.50199,2.95819
2.98687,1.50498,3.03304
3.07719,1.49715,3.12206
3.12036,1.4942,-3.11896
-2.98165,1.49838,-2.943
-2.81917,1.49462,-2.78304
-2.93404,1.4971,-2.89456
-2.97377,1.49854,-2.93458
-3.0168,1.50435,-2.98805
2.9277,1.50931,2.91601
2.70143,1.50352,2.66731
2.68287,1.49974,2.66546
2.8342,1.50754,2.81633
2.77006,1.51705,2.69513
2.50594,1.51237,2.37764
2.24526,1.47648,2.0358
2.16433,1.44215,1.89697
2.12306,1.42847,1.84581
2.14969,1.44463,1.86979
2.13523,1.4559,1.82417
2.14472,1.45419,1.78923
2.25879,1.45463,1.8407
2.3465,1.46599,1.85983
2.37598,1.49843,1.79657
2.17747,1.52523,1.50923
1.40509,1.53429,0.658909
0.754512,1.5174,-0.0548221
0.731294,1.51173,-0.120478
1.0789,1.50754,0.192045
1.30448,1.48043,0.359017
1.81337,1.43985,0.762595
2.04546,1.41074,0.895714
2.16251,1.416,0.950872
2.17909,1.43221,0.894879
2.21404,1.45145,0.854075
2.15161,1.46697,0.712341
2.11599,1.47574,0.623539
2.19427,1.47053,0.618557
2.47333,1.44886,0.772939
2.68866,1.43968,0.916599
2.85776,1.42838,1.01572
3.00865,1.41813,1.09373
3.10893,1.42253,1.09025
-3.0177,1.41019,1.15746
-2.73871,1.39155,1.29632
-2.62232,1.40153,1.29902
-2.52641,1.40073,1.2484
-2.47479,1.40668,1.21413
-2.34868,1.41168,1.24821
-2.23809,1.40277,1.23331
-2.28023,1.41626,1.08807
-2.43908,1.42302,0.863869
-2.74039,1.41297,0.445315
-2.91114,1.40421,0.185766
-2.91443,1.40659,0.0824443
-2.81774,1.40895,0.0781154
-2.78037,1.40581,0.0172045
-2.71611,1.39782,-0.00989791
-2.71233,1.39051,-0.0559501
-2.66108,1.39909,-0.0436698
-2.66111,1.40159,-0.0350779
-2.74734,1.39748,-0.0869879
-2.8199,1.40103,-0.0816918
-2.89182,1.41248,-0.0584596
-3.12259,1.42162,-0.132869
3.02817,1.41619,-0.170834
3.02864,1.40121,-0.0704783
2.92007,1.40758,-0.067816
2.84634,1.42175,-0.0257498
2.79978,1.44714,0.0483731
2.70413,1.4615,0.0452806
2.56786,1.46196,0.0108375
2.53343,1.43788,0.0610743
2.55273,1.42814,0.151458
2.44229,1.41772,0.208403
2.3935,1.4128,0.248467
2.38987,1.40224,0.328392
2.33588,1.40131,0.390092
2.26923,1.39514,0.447632
2.18019,1.39625,0.489928
2.05982,1.40154,0.474065
1.85881,1.40661,0.392539
1.80135,1.41255,0.437243
1.67772,1.41508,0.384995
1.48887,1.41887,0.272862
1.19643,1.42599,0.0974753
0.821668,1.42513,-0.132399
0.701921,1.42925,-0.187795
0.600509,1.44008,-0.215847
0.611175,1.45826,-0.141812
0.854415,1.45483,0.200976
0.934974,1.47391,0.476589
1.17856,1.47498,0.866438
1.297,1.4628,1.03006
1.14829,1.47183,0.970839
0.609656,1.50305,0.548839
-0.608289,1.49184,-0.505656
-0.924036,1.44491,-0.720074
-0.953513,1.4216,-0.687655
-0.935029,1.38333,-0.54556
-0.885657,1.36317,-0.384138
-0.658452,1.35105,-0.0787993
-0.47033,1.3399,0.176259
-0.347349,1.33503,0.410369
-0.352236,1.33403,0.504979
-0.463255,1.32739,0.517161
-0.593569,1.30613,0.46153
-0.740847,1.26838,0.432439
-0.798082,1.26062,0.448518
-0.835731,1.28178,0.468674
-0.853581,1.31715,0.538709
-0.859126,1.34715,0.626762
-0.991735,1.37681,0.600666
-1.23099,1.40195,0.455047
-1.63317,1.41609,0.168385
-1.88055,1.41419,0.00695775
-1.99677,1.42152,-0.00366301
-1.90604,1.43002,0.189986
-1.77866,1.4322,0.381867
-1.7803,1.43305,0.509663
-1.88912,1.43527,0.493741
-2.06065,1.44138,0.390307
-2.31725,1.45246,0.177916
-2.6176,1.45743,-0.0600997
-2.76747,1.45887,-0.169135
-2.89111,1.45729,-0.242753
-2.88466,1.46122,-0.187466
-2.79465,1.47622,-0.0363149
-2.59132,1.48504,0.239672
-2.4922,1.48418,0.394016
-2.60689,1.4808,0.312412
-2.7765,1.47677,0.177801
-2.78657,1.47676,0.190884
-2.78206,1.47853,0.21456
-2.78877,1.4816,0.218363
-2.79475,1.48592,0.209629
-2.77132,1.48933,0.227204
-2.72148,1.49184,0.262787
-2.63567,1.4923,0.317997
-2.39409,1.49813,0.49743
-2.12368,1.50161,0.705867
-1.75351,1.49969,0.982701
-1.57724,1.49821,1.08711
-1.62287,1.50986,0.934249
-1.92953,1.52431,0.546378
-2.31572,1.53241,0.00141204
-1.80479,1.54861,0.361502
-0.768876,1.5475,1.29683
-0.2153,1.52448,1.75065
-0.220567,1.50306,1.6412
-0.345137,1.49134,1.43649
-0.322832,1.47604,1.38269
-0.31128,1.46893,1.33823
-0.336131,1.45972,1.23339
-0.294738,1.4686,1.16363
-0.236569,1.50387,1.0884
-0.207507,1.54536,1.00322
-2.37296,1.55816,-1.3027
-2.79531,1.5473,-1.81678
-2.71473,1.53646,-1.83442
-2.7365,1.52716,-1.93041
-2.54783,1.52174,-1.82216
-2.18655,1.52258,-1.54443
-1.81285,1.51527,-1.25063
-1.49934,1.50951,-1.03521
-1.48313,1.51323,-1.05572
-1.51304,1.52075,-1.10005
-1.4851,1.52359,-1.12162
-1.33439,1.52064,-1.01952
-1.06177,1.51128,-0.808394
-0.817359,1.50428,-0.620178
-0.452607,1.49689,-0.332957
-0.283498,1.48351,-0.228705
-0.345931,1.48281,-0.337482
-0.380691,1.47093,-0.443773
-0.458596,1.44965,-0.600397
-0.673799,1.42805,-0.927102
-0.857996,1.42541,-1.19276
-0.836414,1.43501,-1.27403
-0.597382,1.45885,-1.14332
-0.454673,1.49223,-1.14341
-0.392665,1.5034,-1.24323
-0.6613,1.53044,-1.64509
-0.684683,1.52263,-1.76691
-0.253742,1.50945,-1.45869
0.129117,1.50796,-1.18604
0.368782,1.50454,-1.02244
0.957466,1.51807,-0.561716
1.93451,1.53539,0.294263
-2.88897,1.46558,1.54221
-2.66211,1.37001,1.54906
-2.57217,1.32828,1.47191
-2.27851,1.30641,1.55567
-2.09814,1.29521,1.61138
-2.03564,1.30051,1.55322
-2.03494,1.31222,1.44292
-2.07535,1.32815,1.33321
-2.18782,1.35316,1.14884
-2.25162,1.36851,1.01264
-2.37713,1.36588,0.789585
-2.56344,1.35609,0.482511
-2.68104,1.34273,0.269278
-2.76707,1.33444,0.0938072
-2.80836,1.33437,-0.00626867
-2.84135,1.33942,-0.0793569
-2.88251,1.33977,-0.136308
-2.90478,1.33684,-0.15725
-2.92468,1.33988,-0.154856
-2.95134,1.34115,-0.137281
-3.04664,1.35367,-0.0878658
-3.13747,1.35669,-0.0490426
3.06863,1.37629,0.0255654
2.99653,1.40091,0.101157
2.92266,1.39894,0.133631
2.87102,1.39049,0.220116
2.89033,1.39117,0.345065
3.0149,1.40984,0.63478
-3.11392,1.41146,0.889726
-2.88538,1.39829,1.2677
-2.83911,1.39517,1.42846
-2.77732,1.39881,1.64178
-2.84597,1.44368,1.75155
-2.93691,1.48446,1.78998
3.06577,1.51509,1.60549
2.58964,1.54013,1.20302
1.91697,1.54336,0.616109
1.31015,1.53621,0.0933752
1.06967,1.53126,-0.0818067
0.646735,1.51602,-0.391844
0.492732,1.49159,-0.386144
0.301592,1.48008,-0.428606
0.16843,1.48679,-0.342722
-0.034803,1.50196,-0.350896
-0.504713,1.50633,-0.635612
-0.990048,1.49214,-1.02396
-1.23256,1.45867,-1.14743
-1.23049,1.44408,-1.07567
-1.2187,1.44844,-1.01273
-1.25373,1.45584,-1.00654
-1.32648,1.46515,-1.07185
-1.37635,1.47762,-1.11242
-1.45472,1.5001,-1.13943
-1.60916,1.51475,-1.21344
-2.07843,1.52824,-1.45302
-2.6724,1.51849,-1.92793
-2.91837,1.51058,-2.12254
-3.05423,1.52902,-2.155
-2.05141,1.55177,-1.05767
-0.948389,1.52902,0.149842
-0.584717,1.52058,0.60264
0.0746782,1.49223,1.35148
0.246264,1.45452,1.5461
0.209536,1.45024,1.55142
-0.123515,1.48526,1.26763
-0.756192,1.49671,0.647227
-1.26778,1.47828,0.180384
-1.56869,1.46025,-0.0430202
-1.9113,1.45318,-0.326536
-2.06927,1.43038,-0.422403
-2.18326,1.40222,-0.463328
-2.27235,1.36303,-0.462822
-2.30954,1.34959,-0.440016
-2.39135,1.33869,-0.482771
-2.53985,1.31014,-0.552392
-2.66007,1.30411,-0.541566
-2.68542,1.31846,-0.462469
-2.6944,1.33355,-0.386408
-2.69252,1.35111,-0.270941
-2.67595,1.36726,-0.164417
-2.59296,1.39364,0.0325635
-2.55641,1.40459,0.166008
-2.56025,1.38945,0.23209
-2.64534,1.36971,0.210575
-2.80332,1.36881,0.111938
-2.9251,1.37842,0.0130292
-2.98958,1.39208,-0.049598
-2.98,1.40052,-0.0539416
-2.90481,1.41249,-0.00757481
-2.70114,1.42187,0.124698
-2.49671,1.42932,0.238613
-2.22796,1.44013,0.363201
-2.04098,1.45001,0.426868
-1.81285,1.45609,0.528841
-1.54345,1.45497,0.655925
-1.41398,1.44783,0.668232
-1.34105,1.43525,0.598964
-1.25864,1.42441,0.50541
-1.19476,1.42628,0.444429
-1.14864,1.42697,0.410319
-0.99752,1.4352,0.443351
-0.885428,1.43698,0.450963
-0.889033,1.44354,0.30514
-0.712723,1.43419,0.314435
-0.645042,1.4324,0.264231
-0.658515,1.42998,0.125751
-0.643974,1.43303,0.0504672
-0.866197,1.44277,-0.315118
-1.08167,1.46631,-0.641182
-1.22564,1.47858,-0.8762
-1.6437,1.4995,-1.44963
-1.67389,1.50933,-1.5343
-1.72605,1.51485,-1.61608
-1.82776,1.51728,-1.7336
-1.82988,1.53796,-1.78576
1.62719,1.56427,1.61771
1.41733,1.53634,1.37671
1.24545,1.52415,1.19278
1.18134,1.52608,1.11372
1.23559,1.53638,1.14254
1.16546,1.54223,1.0493
0.983156,1.53788,0.849976
1.15136,1.53707,1.01358
1.34289,1.53929,1.20476
1.55164,1.53976,1.40878
1.60117,1.53998,1.45675
1.47767,1.543,1.33078
1.4215,1.54649,1.27636
1.39925,1.55149,1.25819
1.46356,1.5535,1.32312
1.57824,1.55124,1.43899
1.57196,1.55072,1.43194
1.59062,1.55217,1.45023
1.69244,1.55577,1.55415
1.73884,1.55854,1.60571
1.68203,1.56081,1.55378
1.59292,1.56461,1.46594
1.58982,1.56634,1.46485
1.45233,1.56912,1.32862
-1.5799,1.5676,-1.70328
-1.84597,1.56453,-1.96851
-1.84761,1.56225,-1.96692
-1.79749,1.56025,-1.91366
-1.81926,1.55987,-1.93226
-1.85826,1.5582,-1.97067
-1.85861,1.55769,-1.97124
-1.8461,1.55775,-1.95876
-1.86627,1.55667,-1.97999
-2.03301,1.55459,-2.14442
-2.17548,1.55273,-2.27932
-2.34893,1.54918,-2.44596
-2.5104,1.54448,-2.60231
-2.68086,1.53477,-2.76678
-2.8038,1.53057,-2.88698
-2.91025,1.52805,-2.98657
-2.95042,1.52771,-3.02849
-2.99246,1.52671,-3.07011
-3.01823,1.52506,-3.0926
-3.05538,1.52369,-3.12658
-3.05446,1.52184,-3.12342
-3.09178,1.51827,3.12191
-3.1136,1.51607,3.10199
-3.12878,1.51516,3.08599
-3.12243,1.51437,3.09177
-3.12849,1.51252,3.08806
-3.10589,1.51227,3.11165
-3.08339,1.51145,3.13423
-3.08782,1.51022,3.13047
-3.09462,1.50961,3.12389
-3.11145,1.50839,3.10923
-3.09805,1.50786,3.12446
-3.10346,1.5069,3.12069
-3.10899,1.50646,3.11466
-3.12201,1.50557,3.10183
-3.12948,1.50565,3.0941
-3.13026,1.50503,3.09348
-3.13987,1.50467,3.08526
-3.13585,1.5045,3.08978
-3.12559,1.50452,3.10092
-3.11868,1.50443,3.10793
-3.12231,1.50354,3.10387
-3.13392,1.50379,3.09134
-3.12948,1.50406,3.09599
-3.13748,1.50352,3.08788
-3.1336,1.50291,3.09271
-3.13259,1.5022,3.09405
-3.12894,1.50283,3.09767
-3.11981,1.50355,3.10736
-3.1186,1.50364,3.10854
-3.1277,1.50336,3.09945
-3.12511,1.50389,3.10103
-3.12641,1.50451,3.09875
-3.13361,1.50441,3.09133
-3.12897,1.50397,3.09618
-3.12874,1.5037,3.09596
-3.12716,1.5038,3.09869
-3.12413,1.50433,3.10087
-3.1293,1.50592,3.09591
-3.11657,1.50655,3.10885
-3.12106,1.50602,3.10471
-3.11306,1.50506,3.11419
-3.11018,1.50453,3.11715
-3.11512,1.50488,3.11237
-3.10942,1.50639,3.11765
-3.10374,1.50648,3.12393
-3.1099,1.5056,3.11855
-3.10705,1.50507,3.12251
-3.10641,1.50462,3.1229
-3.09191,1.50497,3.13781
-3.0922,1.50435,3.138
-3.09414,1.50364,3.1354
-3.08697,1.50371,-3.14039
-3.08913,1.50398,3.14027
-3.08665,1.50442,-3.14006
-3.08152,1.50433,-3.13447
-3.0832,1.50389,-3.13518
-3.08323,1.50433,-3.13582
-3.08905,1.50346,3.14148
-3.0928,1.50337,3.13678
-3.09477,1.50284,3.13512
-3.09648,1.50302,3.13272
-3.09312,1.50284,3.13743
-3.08564,1.5031,-3.13792
-3.08186,1.50247,-3.13302
-3.07935,1.50193,-3.13043
-3.08472,1.50221,-3.13647
-3.08976,1.50257,-3.14152
-3.08685,1.50248,-3.13795
-3.08642,1.50222,-3.13678
-3.08516,1.50186,-3.13494
-3.07565,1.50299,-3.12548
-3.07234,1.50263,-3.12179
-3.06904,1.50253,-3.11766
-3.06405,1.50251,-3.11274
-3.06118,1.50242,-3.10921
-3.05276,1.50274,-3.10063
-3.05181,1.50202,-3.09903
-3.04471,1.50217,-3.09223
-3.03783,1.50257,-3.08538
-3.03215,1.50237,-3.07939
-3.02658,1.5026,-3.07327
-3.01849,1.50326,-3.06441
-3.01573,1.50306,-3.06148
-3.01147,1.50312,-3.05712
-3.01181,1.50321,-3.05713
-3.00737,1.50381,-3.05288
-3.01286,1.50385,-3.05847
-3.01074,1.50383,-3.05655
-3.00831,1.50372,-3.05362
-3.01842,1.50335,-3.06384
-3.01448,1.5035,-3.05948
-3.01826,1.50353,-3.06372
-3.00705,1.50372,-3.05187
-2.998,1.50382,-3.04246
-2.99586,1.50318,-3.03953
-2.99866,1.50329,-3.043
-3.00275,1.50341,-3.04722
-3.00703,1.50336,-3.0516
-3.00842,1.50364,-3.05319
-3.00506,1.50361,-3.04953
-3.006,1.50353,-3.05027
-3.00538,1.5037,-3.04953
-3.00674,1.50362,-3.05085
-3.01709,1.50388,-3.06127
-3.01459,1.50511,-3.05958
-3.02249,1.50596,-3.06738
-3.0267,1.5067,-3.07151
-3.02591,1.50919,-3.07177
-3.04004,1.51451,-3.08768
-3.04441,1.52305,-3.09394
-3.03257,1.54687,-3.08455
-0.0761225,1.55567,-0.123116
-0.0104908,1.50892,-0.0560833
0.0347946,1.43394,-0.0118303
0.052278,1.34971,0.0247465
0.0227033,1.25631,0.000403145
-0.00938767,1.14532,-0.0188109
-0.0227816,1.03627,-0.0521014
-0.0300131,0.939156,-0.0641356
-0.0436866,0.824944,-0.0635244
-0.0689568,0.694574,-0.0706112
-0.0740791,0.563818,-0.0869393
-0.0711291,0.477327,-0.101167
-0.0599273,0.359011,-0.116286
-0.0522901,0.24311,-0.133185
-0.0342843,0.14484,-0.146493
-0.0115067,0.0199887,-0.167558
-0.0046418,-0.0575232,-0.181373
0.0198274,-0.171631,-0.21203
0.0201359,-0.262658,-0.207433
-0.058245,-0.464663,-0.172889
-0.117296,-0.556237,-0.144535
-0.195706,-0.731588,-0.0861751
-0.191774,-0.832262,-0.0720895
-0.151956,-0.94531,-0.0826812
-0.103434,-1.0251,-0.108372
-0.0138884,-1.12704,-0.16022
0.0685605,-1.22738,-0.214977
0.147711,-1.3074,-0.273779
0.352509,-1.40916,-0.431983
0.756717,-1.48322,-0.800764
1.95084,-1.50714,-1.96745
2.61417,-1.43142,-2.60438
2.73359,-1.34267,-2.69432
2.75732,-1.26369,-2.68625
2.76574,-1.21754,-2.66523
2.76941,-1.18142,-2.64996
2.7595,-1.16816,-2.65075
2.75748,-1.16222,-2.66323
2.76395,-1.16937,-2.67849
2.76473,-1.17302,-2.68474
2.77445,-1.17619,-2.69606
2.77275,-1.17602,-2.69338
2.77329,-1.1796,-2.69299
2.77411,-1.18593,-2.6952
2.75832,-1.19637,-2.68897
2.72914,-1.2074,-2.66506
2.6932,-1.22611,-2.63124
2.6312,-1.25056,-2.57129
2.54877,-1.27707,-2.49881
2.34307,-1.32222,-2.31282
2.10124,-1.37174,-2.09691
1.76285,-1.41775,-1.7828
1.09103,-1.43874,-1.14207
0.450166,-1.39398,-0.534956
0.183428,-1.32216,-0.295586
0.0432418,-1.20909,-0.18539
0.00663689,-1.10266,-0.163798
-0.0299457,-0.963773,-0.159786
-0.0607967,-0.840697,-0.146327
-0.0891645,-0.700169,-0.147127
-0.10794,-0.563063,-0.139164
-0.128604,-0.452597,-0.126174
-0.148555,-0.313409,-0.111481
-0.164014,-0.204455,-0.102864
-0.183262,-0.0852173,-0.10824
-0.208433,0.019283,-0.119835
-0.234142,0.133122,-0.136134
-0.255461,0.263927,-0.140615
-0.262046,0.381895,-0.141051
-0.25741,0.513974,-0.147309
-0.267619,0.633396,-0.161907
-0.301845,0.7702,-0.202914
-0.348931,0.901029,-0.248155
-0.399888,1.00736,-0.324035
-0.541586,1.14894,-0.481607
-0.837795,1.28203,-0.776559
-1.20645,1.34655,-1.15438
-1.78483,1.36862,-1.74448
-2.2459,1.34402,-2.22257
-2.64168,1.25844,-2.62335
-2.80701,1.17307,-2.7897
-2.91281,1.08174,-2.90457
-2.98461,0.979434,-2.96281
-3.02069,0.893935,-2.98265
-3.0401,0.804027,-2.99293
-3.03825,0.697286,-3.00104
-3.04875,0.606701,-3.0078
-3.0514,0.512282,-3.01477
-3.06312,0.407082,-3.03344
-3.07254,0.322564,-3.05995
-3.09167,0.226238,-3.09768
-3.10024,0.153224,-3.11978
-3.10803,0.068533,-3.14044
-3.11463,-0.0223159,3.13181
-3.12751,-0.0831547,3.1347
-3.12922,-0.171375,3.13173
-3.13099,-0.270259,3.12565
-3.12335,-0.367189,3.11653
-3.11319,-0.475853,3.09981
-3.10951,-0.572114,3.08521
-3.10451,-0.690217,3.0658
-3.09837,-0.772508,3.05466
-3.09455,-0.863601,3.0553
-3.10532,-0.955434,3.08023
-3.10246,-1.02739,3.10443
-3.07224,-1.11019,3.11831
-3.08476,-1.18912,-3.11901
-3.10971,-1.25778,-3.08581
3.1176,-1.346,-3.03395
2.93025,-1.42832,-2.88086
2.8516,-1.44355,-2.81921
2.86571,-1.45188,-2.85472
2.90066,-1.45665,-2.89994
2.89575,-1.46108,-2.89469
2.86581,-1.46017,-2.86368
2.8893,-1.45979,-2.88527
2.94875,-1.45939,-2.94577
2.99625,-1.45447,-2.995
3.01858,-1.44784,-3.01859
3.03995,-1.43961,-3.04095
3.09622,-1.43003,-3.0983
-3.1291,-1.42042,3.12706
-3.07386,-1.39905,3.06739
-3.04176,-1.38528,3.03239
-3.02243,-1.37866,3.01323
-3.03008,-1.37396,3.02252
-3.04718,-1.36807,3.04327
-3.06041,-1.36217,3.06175
-3.06355,-1.35616,3.06657
-3.05093,-1.3467,3.05284
-3.0531,-1.33096,3.05092
-3.04269,-1.30748,3.03775
-3.05493,-1.28229,3.04688
-3.06969,-1.23601,3.05308
-3.08235,-1.17156,3.04772
-3.07771,-1.11083,3.02816
-3.08703,-1.05385,3.0283
-3.10779,-0.9756,3.037
-3.12979,-0.907137,3.05051
3.12441,-0.802832,3.07142
3.11459,-0.719158,3.0793
3.10928,-0.651773,3.08163
3.10254,-0.556293,3.08134
3.09896,-0.467319,3.0729
3.10131,-0.399871,3.06139
3.09696,-0.326786,3.05449
3.08934,-0.2538,3.04941
3.07736,-0.195983,3.04964
3.06207,-0.122422,3.04906
3.05449,-0.0633639,3.04457
3.04715,0.0219602,3.0398
3.04519,0.0912096,3.03131
3.04649,0.184017,3.01996
3.04316,0.276549,3.01634
3.04831,0.379728,3.00644
3.0533,0.451758,3.00405
3.06071,0.5457,3.00149
3.05374,0.612851,3.00164
3.05019,0.696586,2.99986
3.04809,0.787023,3.00869
3.0374,0.859892,2.9967
3.02397,0.964871,2.97758
3.00533,1.05699,2.9571
3.00781,1.17469,2.96327
3.05178,1.28539,3.01454
-3.1092,1.42936,-3.14101
-0.999736,1.54442,-1.02688
-0.205721,1.43491,-0.220123
-0.088908,1.26399,-0.0978657
-0.0732975,1.09341,-0.0899227
-0.0858672,0.958324,-0.119525
-0.0856223,0.852769,-0.146539
-0.0874163,0.688085,-0.184385
-0.0862367,0.567281,-0.203035
-0.0768932,0.413096,-0.202515
-0.0818784,0.293045,-0.204058
-0.0770302,0.203809,-0.207835
-0.075481,0.0739662,-0.233903
-0.0642074,-0.0667804,-0.257705
-0.0373395,-0.169023,-0.276888
0.00810196,-0.294344,-0.289749
0.0287078,-0.391933,-0.29655
0.0432738,-0.524163,-0.303682
0.0415113,-0.616869,-0.301086
0.0353582,-0.740048,-0.286659
0.0531158,-0.842527,-0.286422
0.0793347,-0.950978,-0.289845
0.118605,-1.04786,-0.315705
0.172936,-1.12866,-0.361192
0.29665,-1.22534,-0.467136
0.455733,-1.30141,-0.610974
0.745361,-1.37564,-0.875202
1.29041,-1.43366,-1.39709
1.8736,-1.44486,-1.96666
2.51088,-1.39841,-2.57061
2.77049,-1.33681,-2.80522
2.90832,-1.25465,-2.90014
2.97002,-1.19087,-2.9319
3.02319,-1.1186,-2.96926
3.09129,-1.0593,-3.03819
-3.13801,-1.02059,-3.10394
-3.11051,-0.982845,3.13673
-3.12301,-0.951537,-3.13219
3.12873,-0.938899,-3.08627
3.08832,-0.920365,-3.04021
3.07207,-0.903996,-3.02338
3.06166,-0.893512,-3.01558
3.0566,-0.894907,-3.01884
3.05079,-0.901362,-3.02016
3.04042,-0.909105,-3.01427
3.0358,-0.913924,-3.01201
3.02141,-0.930117,-3.00141
2.99687,-0.955873,-2.98133
2.9641,-0.989307,-2.95396
2.92618,-1.03681,-2.92603
2.88752,-1.0806,-2.9033
2.78535,-1.15313,-2.83096
2.6321,-1.22129,-2.70593
2.35286,-1.2922,-2.45977
1.92053,-1.33609,-2.06694
1.52968,-1.3369,-1.69686
1.07198,-1.31329,-1.27426
0.747796,-1.2729,-0.978955
0.41745,-1.19456,-0.691522
0.189213,-1.08368,-0.507928
0.061052,-0.968328,-0.415528
-0.05048,-0.811298,-0.342204
-0.0958303,-0.693368,-0.318762
-0.13108,-0.548556,-0.317602
-0.155738,-0.391969,-0.330904
-0.174796,-0.250731,-0.347351
-0.194038,-0.129519,-0.353966
-0.21465,0.0264354,-0.357653
-0.232407,0.174367,-0.365573
-0.254142,0.305825,-0.376071
-0.272663,0.416369,-0.37517
-0.28238,0.539292,-0.357391
-0.288874,0.702953,-0.356356
-0.316975,0.847072,-0.387573
-0.382603,0.971288,-0.457008
-0.497632,1.10146,-0.601682
-0.647395,1.23856,-0.78775
-0.99284,1.35109,-1.16188
-2.00605,1.39955,-2.19547
-2.63517,1.2928,-2.82588
-2.87684,1.15462,-3.05963
-2.96003,1.03191,3.13907
-3.01144,0.874789,3.08674
-3.03022,0.726889,3.07578
-3.02194,0.605095,3.06928
-3.0069,0.447706,3.06819
-3.01637,0.341846,3.05711
-3.03817,0.196624,3.03059
-3.06286,0.0668473,3.00001
-3.07172,-0.0733508,2.9699
-3.06869,-0.175052,2.95219
-3.06233,-0.295811,2.94116
-3.0501,-0.403529,2.93625
-3.03298,-0.536408,2.93793
-3.01905,-0.670414,2.94013
-2.98235,-0.807796,2.92444
-2.92349,-0.90301,2.88646
-2.84795,-1.00925,2.82649
-2.76514,-1.08799,2.73979
-2.69695,-1.14705,2.65873
-2.63308,-1.21427,2.58237
-2.5842,-1.30345,2.52069
-2.52024,-1.39221,2.45634
-2.46651,-1.43525,2.4107
-2.42476,-1.46709,2.3812
-2.32381,-1.48811,2.29252
-2.16051,-1.51239,2.13686
-1.71654,-1.5309,1.70547
-1.5475,-1.53607,1.54058
-1.35629,-1.53452,1.35373
-1.3018,-1.5362,1.29631
-1.29191,-1.53527,1.2838
-1.19027,-1.53491,1.17916
-1.23047,-1.53511,1.21666
-1.23329,-1.53325,1.22043
-1.2123,-1.53317,1.19974
-1.28815,-1.53282,1.27745
-1.31448,-1.53139,1.30459
-1.25555,-1.52918,1.24616
-1.27798,-1.52721,1.26806
-1.33435,-1.52666,1.32287
-1.51778,-1.52281,1.50517
-1.85206,-1.5141,1.8343
-2.2726,-1.48662,2.24263
-2.62976,-1.428,2.57537
-2.79141,-1.36381,2.71066
-2.92763,-1.26607,2.81141
-3.00514,-1.15226,2.86511
-3.05302,-1.05589,2.89837
-3.12121,-0.92283,2.94278
3.12357,-0.815988,2.96552
3.10074,-0.671738,2.97613
3.07882,-0.543832,2.98394
3.0533,-0.390213,2.98964
3.03158,-0.244625,2.99233
3.02575,-0.143139,2.9885
3.02404,-0.0149692,2.97817
3.02423,0.0891989,2.96967
3.03194,0.225506,2.96272
3.04175,0.343655,2.9684
3.03631,0.413786,2.97361
3.02458,0.491381,2.95602
3.00738,0.557412,2.92665
2.97985,0.651288,2.87718
2.94861,0.75374,2.82734
2.89706,0.874016,2.77675
2.83668,0.998598,2.72401
2.8004,1.09719,2.70245
2.76906,1.20374,2.69755
2.75972,1.28338,2.69737
2.74626,1.37421,2.69955
2.75298,1.43251,2.70877
2.92299,1.50001,2.88289
-2.87744,1.54319,-2.91215
-0.983039,1.5384,-0.998738
-0.414078,1.51143,-0.411001
-0.0390889,1.48492,-0.0304965
0.098717,1.48343,0.11591
0.246933,1.48551,0.280136
0.387217,1.48517,0.427781
0.513042,1.48206,0.550384
0.529541,1.47744,0.569939
0.422145,1.46943,0.473187
0.331808,1.45938,0.393432
0.282722,1.45171,0.353408
0.268362,1.44213,0.345715
0.264231,1.43754,0.342985
0.27785,1.43642,0.356095
0.296601,1.44212,0.374574
0.30396,1.44969,0.379112
0.258873,1.45528,0.334467
0.178462,1.45355,0.256654
0.109866,1.45175,0.188623
0.0584128,1.45146,0.139387
0.0414069,1.45286,0.122456
0.0451218,1.45413,0.124581
0.0530235,1.45615,0.13035
0.0552027,1.45586,0.131812
0.0525116,1.45711,0.127352
0.0610006,1.45711,0.133842
0.0652979,1.4582,0.138387
0.0635509,1.45752,0.137812
0.0547696,1.45656,0.12979
0.0485868,1.45496,0.123414
0.0355085,1.45446,0.1062
0.0304483,1.45387,0.0968468
0.0280063,1.45625,0.0950369
0.0161131,1.45791,0.0873293
0.00554726,1.45991,0.0803125
-0.00194675,1.46196,0.0746048
-0.00570273,1.46329,0.0722586
0.00340112,1.46386,0.0807376
0.0126653,1.46433,0.0889887
0.026396,1.46556,0.10249
0.0345569,1.4662,0.110927
0.0204443,1.46595,0.0970029
0.00287149,1.46595,0.0793885
-0.000399073,1.465,0.0742229
0.00505281,1.46453,0.0776987
0.013721,1.46431,0.0861744
0.0205771,1.46558,0.0935604
0.0205462,1.46682,0.0951932
0.020841,1.46734,0.0968668
0.0177486,1.46754,0.0929964
0.028648,1.46807,0.10274
0.0455894,1.46812,0.11842
0.0462663,1.46908,0.120174
0.0428464,1.46868,0.119028
0.0383602,1.46915,0.115439
0.0327611,1.46894,0.11097
0.0306739,1.46888,0.111429
0.0300312,1.46942,0.113269
0.0206981,1.46914,0.104808
0.01789,1.46923,0.0993309
0.0351277,1.4698,0.113333
0.0463856,1.47067,0.124238
0.045261,1.47076,0.122544
0.0506062,1.47142,0.128103
0.0547671,1.47217,0.132656
0.0756628,1.47336,0.150854
0.106301,1.4758,0.178809
0.126851,1.47647,0.198074
0.122257,1.47681,0.194344
0.112397,1.4773,0.185617
0.100108,1.47729,0.174345
0.0972739,1.47627,0.171311
0.0966962,1.47601,0.169758
0.110305,1.47601,0.181082
0.117777,1.47767,0.18747
0.121148,1.47833,0.188595
0.125625,1.47932,0.193478
0.124533,1.4789,0.192866
0.116244,1.47804,0.183903
0.128738,1.47857,0.19639
0.138741,1.47975,0.206027
0.132778,1.48019,0.201094
0.130897,1.48084,0.199252
0.124465,1.48023,0.192603
0.109257,1.47955,0.177521
0.109153,1.47858,0.176549
0.109063,1.47973,0.176792
0.10846,1.48,0.176208
0.106481,1.48029,0.174044
0.102171,1.48017,0.169803
0.093553,1.47992,0.161337
0.0970346,1.48014,0.164736
0.105154,1.48022,0.171383
0.0973086,1.47979,0.163309
0.0888742,1.47909,0.154409
0.0846296,1.47896,0.150241
0.0757514,1.47932,0.141584
0.0765892,1.47922,0.142428
0.0777605,1.47815,0.141997
0.0848241,1.47843,0.148704
0.0930102,1.47948,0.157587
0.0937055,1.47974,0.158512
0.0954012,1.47963,0.160599
0.101595,1.47894,0.166652
0.107846,1.47922,0.172896
0.112063,1.47969,0.177267
0.114109,1.48019,0.178866
0.125399,1.48163,0.18912
0.114537,1.4816,0.177837
0.0864203,1.48123,0.149617
-0.0266369,1.47877,0.0349738
-0.295555,1.47604,-0.233345
-0.818972,1.45491,-0.762531
-1.14101,1.39854,-1.08376
-1.28514,1.3024,-1.23472
-1.38124,1.18189,-1.32964
-1.46585,1.07478,-1.41802
-1.51517,0.919754,-1.47697
-1.539,0.760027,-1.52743
-1.53169,0.636331,-1.54432
-1.54422,0.488423,-1.56618
-1.5681,0.370076,-1.58545
-1.58914,0.263421,-1.59093
-1.60321,0.129474,-1.59747
-1.60559,-0.0160957,-1.60006
-1.60636,-0.127355,-1.60191
-1.60065,-0.276546,-1.61218
-1.58438,-0.37521,-1.63071
-1.55846,-0.492866,-1.6693
-1.53046,-0.594936,-1.71692
-1.4978,-0.679195,-1.76413
-1.45361,-0.781371,-1.82454
-1.35026,-0.919935,-1.93822
-1.21417,-1.05242,-2.08656
-1.05688,-1.14881,-2.24856
-0.821117,-1.24019,-2.47951
-0.493387,-1.30539,-2.80722
-0.133136,-1.32689,3.11261
0.302742,-1.30271,2.67542
0.541911,-1.25922,2.43603
0.727453,-1.19338,2.25068
0.809641,-1.13801,2.16242
0.894122,-1.0739,2.06967
0.955741,-1.01847,1.99622
0.994064,-0.958682,1.94236
1.00337,-0.927213,1.92561
1.00386,-0.914966,1.92144
1.00329,-0.916513,1.92249
1.00339,-0.917137,1.92273
1.00333,-0.918571,1.92369
1.00681,-0.921485,1.92114
1.00042,-0.931684,1.93082
0.996374,-0.946162,1.93683
0.99269,-0.962747,1.94385
0.986636,-0.981476,1.95201
0.969349,-1.01758,1.97414
0.940293,-1.07288,2.01277
0.905721,-1.13602,2.05479
0.839622,-1.22233,2.12706
0.722279,-1.28897,2.25258
0.445104,-1.36031,2.5384
0.0530834,-1.39386,2.94222
-0.491746,-1.39181,-2.7801
-0.961195,-1.33089,-2.28672
-1.2161,-1.23216,-2.00667
-1.34827,-1.13454,-1.85367
-1.40771,-1.02397,-1.77129
-1.45161,-0.889399,-1.71166
-1.48023,-0.75107,-1.67116
-1.49707,-0.647021,-1.64458
-1.52046,-0.514549,-1.61187
-1.52063,-0.360932,-1.5857
-1.53122,-0.252681,-1.56729
-1.52949,-0.122963,-1.55431
-1.51367,-0.0206871,-1.55075
-1.50284,0.0965573,-1.54093
-1.48598,0.245769,-1.53229
-1.47063,0.384447,-1.52174
-1.45121,0.560638,-1.49022
-1.44684,0.729301,-1.46438
-1.46402,1.00735,-1.43328
-1.518,1.11975,-1.44724
-1.75344,1.39244,-1.60932
-2.03375,1.50065,-1.86119
1.60265,1.50624,1.79514
1.45343,1.40201,1.66531
1.40534,1.257,1.63059
1.40047,1.1352,1.63158
1.39733,0.991257,1.63216
1.3961,0.854822,1.62876
1.39554,0.742209,1.62722
1.4006,0.611442,1.63323
1.41243,0.478167,1.65693
1.4232,0.382175,1.68186
1.43365,0.280156,1.70108
1.43572,0.190344,1.71424
1.43818,0.0747947,1.72428
1.44184,0.0105584,1.72137
1.45239,-0.0574067,1.71071
1.45821,-0.114316,1.69903
1.46475,-0.164802,1.69055
1.46973,-0.230337,1.68636
1.47648,-0.272638,1.68173
1.48238,-0.32449,1.68449
1.48388,-0.374814,1.68922
1.49593,-0.444206,1.6872
1.51485,-0.518708,1.67581
1.54237,-0.62894,1.65835
1.571,-0.732761,1.64409
1.58838,-0.815443,1.64176
1.58463,-0.936136,1.66461
1.57088,-1.04557,1.69639
1.56421,-1.13433,1.72337
1.56772,-1.23774,1.74853
1.52115,-1.34422,1.81113
1.43058,-1.42122,1.9106
0.999744,-1.49457,2.34931
0.220035,-1.50071,3.12481
-0.358158,-1.46373,-2.58849
-0.614862,-1.421,-2.3373
-0.780055,-1.39391,-2.17367
-0.931957,-1.36146,-2.02721
-0.980378,-1.34753,-1.98604
-1.02651,-1.3396,-1.94303
-1.04873,-1.3341,-1.92438
-1.06919,-1.33252,-1.90427
-1.06833,-1.33374,-1.90215
-1.06944,-1.33169,-1.90188
-1.07705,-1.33544,-1.89693
-1.06834,-1.34171,-1.90958
-1.03073,-1.35618,-1.9558
-0.95592,-1.37911,-2.03368
-0.815264,-1.40268,-2.1831
-0.44081,-1.43122,-2.56957
-0.00530304,-1.43489,-3.01464
0.516808,-1.40274,2.73164
0.75854,-1.35526,2.48174
0.937535,-1.27177,2.29136
1.03408,-1.1814,2.18351
1.08811,-1.10333,2.12515
1.15048,-1.01255,2.06658
1.19119,-0.941571,2.02577
1.23564,-0.841633,1.97416
1.25904,-0.751942,1.93833
1.27441,-0.624395,1.90461
1.28304,-0.515634,1.88653
1.28812,-0.423871,1.87999
1.30246,-0.28269,1.87199
1.31313,-0.180711,1.87158
1.32189,-0.0358844,1.87198
1.33166,0.0876228,1.87149
1.35081,0.238628,1.85691
1.36427,0.365836,1.83755
1.37659,0.495701,1.81859
1.40179,0.609031,1.81733
1.4341,0.699257,1.83606
1.47919,0.807522,1.87478
1.51567,0.93551,1.90231
1.53825,1.04538,1.91176
1.56242,1.19983,1.90973
1.60732,1.33736,1.93801
2.05616,1.50871,2.35829
-2.05054,1.47675,-1.77485
-1.7747,1.29997,-1.54494
-1.68805,1.16052,-1.49549
-1.62103,0.990273,-1.47779
-1.58038,0.81426,-1.48822
-1.55483,0.687936,-1.50048
-1.52841,0.521847,-1.52624
-1.49713,0.380657,-1.54951
-1.4406,0.138905,-1.6036
-1.3991,0.00187038,-1.63628
-1.3555,-0.141809,-1.67331
-1.3155,-0.295751,-1.71899
-1.30659,-0.409118,-1.7491
-1.27697,-0.556407,-1.79405
-1.23269,-0.650713,-1.84086
-1.13352,-0.772797,-1.94507
-1.03508,-0.860069,-2.05054
-0.914971,-0.960487,-2.19511
-0.795654,-1.01703,-2.30888
-0.67492,-1.04272,-2.42996
-0.514713,-1.07309,-2.58965
-0.364997,-1.09044,-2.75256
-0.211589,-1.10445,-2.91394
0.00810415,-1.09953,-3.12462
0.157266,-1.08935,3.00131
0.292837,-1.07855,2.86728
0.356456,-1.07678,2.80866
0.409956,-1.08622,2.75606
0.44,-1.09186,2.72454
0.457887,-1.09459,2.70625
0.443417,-1.10121,2.718
0.411624,-1.10619,2.74806
0.366029,-1.1133,2.79371
0.313549,-1.1262,2.84115
0.262737,-1.13932,2.89603
0.183553,-1.15701,2.9776
0.0946236,-1.1658,3.07127
-0.0360099,-1.1708,-3.07715
-0.225162,-1.16335,-2.8783
-0.324293,-1.15635,-2.77667
-0.555965,-1.12565,-2.53223
-0.72668,-1.0806,-2.34909
-0.863304,-1.02924,-2.20832
-0.944256,-0.98997,-2.12487
-1.02533,-0.938042,-2.0395
-1.06696,-0.903982,-1.99394
-1.11365,-0.855176,-1.94006
-1.14745,-0.812757,-1.89951
-1.18045,-0.754541,-1.85449
-1.22276,-0.689808,-1.80364
-1.25696,-0.638577,-1.76365
-1.29413,-0.573103,-1.71863
-1.3183,-0.513366,-1.68938
-1.33597,-0.470592,-1.67237
-1.355,-0.42682,-1.6541
-1.38479,-0.357105,-1.62218
-1.41911,-0.272962,-1.58739
-1.44579,-0.204282,-1.56131
-1.47457,-0.110306,-1.52897
-1.49385,-0.0147544,-1.50266
-1.51522,0.112466,-1.468
-1.52955,0.246284,-1.42975
-1.54755,0.357813,-1.39765
-1.54232,0.490648,-1.3579
-1.54025,0.601382,-1.32087
-1.5167,0.774978,-1.27114
-1.47265,0.962855,-1.20917
-1.36301,1.14086,-1.11293
-0.991641,1.3595,-0.72702
-0.178942,1.44758,0.0818966
1.05542,1.33044,1.298
1.2726,1.19262,1.49761
1.3616,1.01868,1.56894
1.38792,0.878045,1.62505
1.41311,0.714341,1.70225
1.43086,0.589739,1.75029
1.43908,0.40069,1.80063
1.47489,0.229612,1.81959
1.51204,0.0922529,1.81716
1.56026,-0.0789251,1.81221
1.60273,-0.217569,1.80771
1.61584,-0.373915,1.81574
1.6086,-0.526577,1.83776
1.59573,-0.662633,1.86299
1.56875,-0.82839,1.90154
1.54835,-0.958359,1.93152
1.53257,-1.08679,1.95722
1.54409,-1.16555,1.9533
1.5398,-1.25282,1.95696
1.52487,-1.30661,1.97043
1.52109,-1.35377,1.98064
1.54802,-1.38286,1.9593
1.57675,-1.38601,1.92797
1.59952,-1.37967,1.8989
1.60405,-1.35821,1.883
1.60023,-1.33916,1.88003
1.60854,-1.32202,1.87139
1.61463,-1.28786,1.86261
1.61182,-1.21737,1.85934
1.59309,-1.13931,1.86592
1.57394,-1.07938,1.87188
1.56163,-1.00748,1.87292
1.55968,-0.929892,1.86821
1.55845,-0.867577,1.86071
1.559,-0.781523,1.85142
1.55029,-0.711159,1.84649
1.5433,-0.651616,1.84151
1.53753,-0.577669,1.83284
1.54155,-0.480391,1.81699
1.5514,-0.389771,1.80356
1.54558,-0.271945,1.79433
1.54343,-0.151972,1.78513
1.518,-0.0359756,1.7857
1.50257,0.0668299,1.78403
1.49247,0.174887,1.78134
1.47433,0.330437,1.77234
1.45635,0.468267,1.75107
1.44028,0.559304,1.73651
1.4283,0.656818,1.72895
1.42495,0.731673,1.7319
1.40912,0.853565,1.71089
1.38912,0.961534,1.67791
1.32754,1.07491,1.59809
1.27249,1.13772,1.52362
1.24079,1.18505,1.48057
1.18645,1.25612,1.41632
1.0796,1.33077,1.30168
0.900846,1.37902,1.11101
0.669254,1.412,0.871995
0.635315,1.42058,0.830105
0.569415,1.43231,0.760374
0.442348,1.45371,0.621935
0.325727,1.48057,0.48277
0.372605,1.49667,0.492053
0.604654,1.50984,0.699308
0.819203,1.5179,0.934686
0.920402,1.52915,1.07084
0.771776,1.53861,0.935324
0.322435,1.54379,0.489556
0.0588227,1.54148,0.221446
0.11685,1.54067,0.280749
0.266869,1.53598,0.435359
0.261964,1.53138,0.438838
0.143718,1.53109,0.32491
-0.0155949,1.53248,0.164426
-0.0611408,1.53462,0.12026
-0.141644,1.53705,0.0396093
-0.0476011,1.54021,0.132653
-0.11598,1.53995,0.0682262
-0.352013,1.5383,-0.161997
-0.403439,1.53488,-0.212626
-0.486185,1.53177,-0.289738
-0.451282,1.5307,-0.258098
-0.445009,1.52955,-0.253087
-0.435971,1.52872,-0.245176
-0.663113,1.5244,-0.46692
-0.768477,1.51778,-0.572695
-0.863385,1.50675,-0.664197
-0.974833,1.4915,-0.772104
-0.996109,1.48228,-0.800706
-0.754848,1.48446,-0.590414
-0.711242,1.49391,-0.554365
-0.803187,1.50836,-0.645674
-0.914248,1.52574,-0.741975
-0.957169,1.54196,-0.773475
-1.80048,1.53613,-1.61652
-1.88204,1.50833,-1.70782
-1.99957,1.49286,-1.83262
-2.34883,1.49715,-2.16874
-2.43818,1.48621,-2.26437
-2.34153,1.48236,-2.17935
-2.19928,1.48417,-2.03996
-2.18138,1.48635,-2.02266
-2.09745,1.49778,-1.93696
-1.98692,1.50531,-1.82497
-1.97409,1.51183,-1.80808
-2.00534,1.51924,-1.83883
-1.94937,1.51649,-1.78724
-1.87945,1.5072,-1.72187
-1.8849,1.50573,-1.72626
-1.92295,1.50906,-1.76
-1.91162,1.51742,-1.74535
-1.88329,1.52551,-1.71498
-1.78689,1.53648,-1.61749
-1.81307,1.54591,-1.63894
-1.767,1.55072,-1.58881
-1.67764,1.55006,-1.49691
-1.50181,1.5474,-1.31858
-1.4031,1.54386,-1.21713
-1.37904,1.54373,-1.19164
-1.4285,1.5437,-1.24225
-1.37855,1.54411,-1.19377
-1.39344,1.54567,-1.21113
-1.28221,1.54742,-1.10484
-1.19323,1.54873,-1.02172
-0.975649,1.55236,-0.806842
-0.915349,1.55421,-0.747731
-0.970702,1.55347,-0.804642
-0.992724,1.55225,-0.827223
-1.12172,1.55441,-0.956588
-1.2919,1.55344,-1.1281
-1.41099,1.55067,-1.24781
-1.4003,1.55029,-1.23859
-1.47724,1.54933,-1.31701
-1.46155,1.55008,-1.30178
-1.4981,1.55078,-1.33936
-1.43885,1.552,-1.28099
-1.52556,1.55162,-1.36883
-1.54583,1.55257,-1.39089
-1.58742,1.55287,-1.43322
-1.72464,1.55191,-1.57142
-1.6729,1.55236,-1.52038
-1.78965,1.55205,-1.63782
-1.70888,1.55262,-1.55865
-1.72987,1.55292,-1.5795
-1.7502,1.55392,-1.60011
-1.76931,1.55178,-1.62068
-1.81449,1.55285,-1.66736
-1.88277,1.5533,-1.73773
-1.84592,1.55353,-1.70347
-1.90925,1.55362,-1.76764
-1.93509,1.55239,-1.79392
-1.90369,1.55234,-1.76323
-1.92356,1.55335,-1.78365
-2.00199,1.55561,-1.86331
-2.03202,1.55607,-1.8941
-1.93358,1.55656,-1.796
-1.8544,1.55441,-1.71766
-1.81099,1.55359,-1.6757
-1.93111,1.55626,-1.79512
-2.03387,1.5556,-1.89865
-2.00035,1.55438,-1.86729
-1.94777,1.5516,-1.81722
-1.9469,1.55162,-1.8173
-2.09619,1.55341,-1.96638
-2.11206,1.55167,-1.98304
-2.15415,1.55317,-2.0265
-2.23142,1.55371,-2.10521
-2.29591,1.55517,-2.16988
-2.29009,1.55476,-2.16393
-2.28336,1.55663,-2.1564
-2.25736,1.55594,-2.12961
-2.22427,1.55509,-2.09728
-2.29157,1.55648,-2.16439
-2.40289,1.55583,-2.27635
-2.4203,1.55761,-2.29482
-2.36093,1.55825,-2.23645
-2.43891,1.55922,-2.31413
-2.30999,1.55816,-2.18534
-2.37814,1.55769,-2.25321
-2.53941,1.55694,-2.41511
-2.50842,1.55548,-2.3857
-2.38286,1.55409,-2.26131
-2.3921,1.55271,-2.27049
-2.43685,1.55349,-2.31463
-2.41927,1.55075,-2.29862
-2.48924,1.55275,-2.37064
-2.54188,1.5515,-2.42314
-2.59364,1.55224,-2.47575
-2.47345,1.55337,-2.35627
-2.57212,1.55217,-2.45416
-2.63127,1.55186,-2.51351
-2.59751,1.55182,-2.48274
-2.70862,1.5524,-2.5959
-2.76382,1.55049,-2.65208
-2.70795,1.54952,-2.59681
-2.62839,1.54902,-2.51697
-2.61538,1.54884,-2.50403
-2.6122,1.54921,-2.5007
-2.6091,1.54949,-2.49767
-2.54851,1.55082,-2.43938
-2.63005,1.54973,-2.52165
-2.64894,1.54959,-2.54189
-2.63133,1.54917,-2.52511
-2.60755,1.54886,-2.50276
-2.67679,1.54948,-2.57252
-2.66324,1.5482,-2.55934
-2.70125,1.54909,-2.59792
-2.67387,1.54785,-2.57152
-2.61235,1.54955,-2.51221
-2.57679,1.54818,-2.47753
-2.59838,1.54755,-2.49892
-2.56872,1.54578,-2.47011
-2.57965,1.54608,-2.4808
-2.61926,1.54463,-2.52056
-2.60158,1.5437,-2.50367
-2.5787,1.54427,-2.48213
-2.63415,1.5446,-2.53754
-2.64509,1.54426,-2.54837
-2.61317,1.54438,-2.51763
-2.67672,1.54386,-2.58136
-2.67104,1.54438,-2.57542
-2.6571,1.54357,-2.56225
-2.70438,1.54377,-2.609
-2.69935,1.5435,-2.60454
-2.70826,1.54363,-2.61302
-2.75013,1.544,-2.65552
-2.81763,1.54448,-2.72296
-2.85309,1.54381,-2.75954
-2.92536,1.54455,-2.83564
-2.91541,1.54367,-2.82636
-2.96166,1.54342,-2.87131
-2.98071,1.54454,-2.89098
-2.92977,1.54513,-2.84049
-2.98118,1.54496,-2.88968
2.97968,1.54097,3.07292
2.86414,1.53891,2.95744
2.95235,1.53723,3.04174
3.04331,1.53535,3.12907
3.08647,1.53338,-3.11281
3.10784,1.53242,-3.09232
3.12204,1.53339,-3.07862
3.1074,1.53446,-3.0934
3.05194,1.53564,3.13611
3.03874,1.5334,3.12301
3.02253,1.53479,3.10601
3.02311,1.53363,3.1067
2.99953,1.5323,3.08435
2.93785,1.53244,3.02197
2.90518,1.5314,2.9887
2.85605,1.53097,2.93927
2.85435,1.52968,2.93646
2.90634,1.52935,2.98748
3.00796,1.52695,3.08657
3.01023,1.5243,3.08803
2.97201,1.51928,3.0491
2.94687,1.5181,3.02415
2.91732,1.51784,2.99164
2.9,1.51875,2.97131
2.93285,1.51827,3.00273
2.92433,1.51737,2.99726
2.89703,1.51735,2.9713
2.86832,1.51627,2.94168
2.79661,1.51516,2.8707
2.75834,1.51208,2.83254
2.7325,1.51226,2.80701
2.75822,1.51085,2.83353
2.73041,1.50908,2.8072
2.74585,1.50754,2.82062
2.71999,1.50707,2.79107
2.73543,1.50535,2.80312
2.77672,1.50727,2.84131
2.83954,1.5094,2.8959
2.82105,1.50987,2.86841
2.72377,1.5072,2.75959
2.54887,1.50427,2.56448
2.36691,1.49453,2.36221
2.20284,1.47722,2.17058
2.30981,1.46409,2.27312
